Misclassifications (Ambiguous),Average of perplexity_baseline,Average of perplexity_ambiguous
FALSE,80.44988143,122.8757274
FALSE,82.89330255,127.1022177
TRUE,72.05062131,108.347167
TRUE,75.37600534,116.2952289
FALSE,82.39676054,147.4865134
TRUE,74.1660454,110.9197097
Grand Total,77.58836073,119.1645149
